id,code,name,category_id,subcategory,description,preparation,methodology,duration_hours,specialty,is_active,regulatory_compliance,created_at,updated_at
1,LAB001,Biometría Hemática Completa,1,Hematología,Conteo completo de células sanguíneas,Ayuno de 8 horas,Citometría de flujo,4,Medicina General,t,,2025-10-23 00:35:14.923125,2025-10-23 00:35:14.923125
2,LAB002,Química Sanguínea de 6 Elementos,1,Química Sanguínea,"Glucosa, urea, creatinina, ácido úrico, colesterol total, triglicéridos",Ayuno de 12 horas,Espectrofotometría,4,Medicina General,t,,2025-10-23 00:35:14.923125,2025-10-23 00:35:14.923125
3,LAB003,Examen General de Orina,1,Uroanálisis,"Análisis físico, químico y microscópico de orina",Primera orina de la mañana,Microscopía y tiras reactivas,2,Medicina General,t,,2025-10-23 00:35:14.923125,2025-10-23 00:35:14.923125
4,LAB004,Glucosa en Ayunas,1,Química Sanguínea,Determinación de glucosa en sangre en ayunas,Ayuno de 8 horas,Glucosa oxidasa,2,Endocrinología,t,,2025-10-23 00:35:14.923125,2025-10-23 00:35:14.923125
5,LAB005,Hemoglobina Glucosilada (HbA1c),1,Química Sanguínea,Control de diabetes a largo plazo,No requiere ayuno,Cromatografía líquida,24,Endocrinología,t,,2025-10-23 00:35:14.923125,2025-10-23 00:35:14.923125
6,LAB006,Perfil Lipídico,1,Química Sanguínea,"Colesterol total, HDL, LDL, triglicéridos",Ayuno de 12 horas,Espectrofotometría,4,Cardiología,t,,2025-10-23 00:35:14.923125,2025-10-23 00:35:14.923125
7,LAB007,Troponina I,1,Marcadores Cardíacos,Marcador de daño miocárdico,No requiere ayuno,Inmunoensayo,2,Cardiología,t,,2025-10-23 00:35:14.923125,2025-10-23 00:35:14.923125
8,LAB008,CK-MB,1,Marcadores Cardíacos,Creatina quinasa MB,No requiere ayuno,Inmunoensayo,2,Cardiología,t,,2025-10-23 00:35:14.923125,2025-10-23 00:35:14.923125
9,LAB009,Beta HCG Cuantitativa,1,Hormonas,Hormona del embarazo,No requiere ayuno,Inmunoensayo,4,Ginecología,t,,2025-10-23 00:35:14.923125,2025-10-23 00:35:14.923125
10,LAB010,TSH,1,Hormonas,Hormona estimulante del tiroides,No requiere ayuno,Inmunoensayo,4,Endocrinología,t,,2025-10-23 00:35:14.923125,2025-10-23 00:35:14.923125
11,IMG001,Radiografía de Tórax PA y Lateral,2,Radiología,Radiografía de tórax en proyecciones posteroanterior y lateral,Retirar objetos metálicos,Radiografía digital,2,Medicina General,t,,2025-10-23 00:35:14.923125,2025-10-23 00:35:14.923125
12,IMG002,Electrocardiograma,3,Electrocardiografía,Registro de la actividad eléctrica del corazón,No requiere preparación,Electrocardiografía de 12 derivaciones,1,Cardiología,t,,2025-10-23 00:35:14.923125,2025-10-23 00:35:14.923125
13,IMG003,Ultrasonido Obstétrico,2,Ultrasonido,Evaluación del embarazo y desarrollo fetal,Vejiga llena,Ultrasonido Doppler,2,Ginecología,t,,2025-10-23 00:35:14.923125,2025-10-23 00:35:14.923125
14,IMG004,Mamografía Bilateral,2,Radiología,Estudio de mama para detección de cáncer,No usar desodorante,Mamografía digital,4,Ginecología,t,,2025-10-23 00:35:14.923125,2025-10-23 00:35:14.923125
15,IMG005,Tomografía de Tórax,2,Tomografía,Estudio tomográfico del tórax,Ayuno de 4 horas si es con contraste,Tomografía helicoidal,24,Neumología,t,,2025-10-23 00:35:14.923125,2025-10-23 00:35:14.923125
172,LAB011,Colesterol Total,1,Metabolismo,Evaluación del riesgo cardiovascular,Ayuno de 12 horas,Método enzimático,1,Cardiología,t,,2025-10-23 00:51:00.061329,2025-10-23 00:51:00.061329
173,LAB012,Colesterol HDL,1,Metabolismo,Colesterol de alta densidad (bueno),Ayuno de 12 horas,Método enzimático,1,Cardiología,t,,2025-10-23 00:51:00.061329,2025-10-23 00:51:00.061329
174,LAB013,Colesterol LDL,1,Metabolismo,Colesterol de baja densidad (malo),Ayuno de 12 horas,Método enzimático,1,Cardiología,t,,2025-10-23 00:51:00.061329,2025-10-23 00:51:00.061329
175,LAB014,Triglicéridos,1,Metabolismo,Evaluación del riesgo cardiovascular,Ayuno de 12 horas,Método enzimático,1,Cardiología,t,,2025-10-23 00:51:00.061329,2025-10-23 00:51:00.061329
176,LAB015,Bilirrubina Total,1,Función Hepática,Evaluación de la función hepática,No requiere preparación especial,Método colorimétrico,1,Gastroenterología,t,,2025-10-23 00:51:00.061329,2025-10-23 00:51:00.061329
177,LAB016,Bilirrubina Directa,1,Función Hepática,Evaluación de la función hepática,No requiere preparación especial,Método colorimétrico,1,Gastroenterología,t,,2025-10-23 00:51:00.061329,2025-10-23 00:51:00.061329
178,LAB017,Transaminasa GOT (AST),1,Función Hepática,Evaluación de la función hepática,No requiere preparación especial,Método enzimático,1,Gastroenterología,t,,2025-10-23 00:51:00.061329,2025-10-23 00:51:00.061329
179,LAB018,Transaminasa GPT (ALT),1,Función Hepática,Evaluación de la función hepática,No requiere preparación especial,Método enzimático,1,Gastroenterología,t,,2025-10-23 00:51:00.061329,2025-10-23 00:51:00.061329
180,LAB019,Fosfatasa Alcalina,1,Función Hepática,Evaluación de la función hepática,No requiere preparación especial,Método enzimático,1,Gastroenterología,t,,2025-10-23 00:51:00.061329,2025-10-23 00:51:00.061329
181,LAB020,Gamma Glutamil Transferasa (GGT),1,Función Hepática,Evaluación de la función hepática,No requiere preparación especial,Método enzimático,1,Gastroenterología,t,,2025-10-23 00:51:00.061329,2025-10-23 00:51:00.061329
182,LAB021,Sodio,1,Electrolitos,Evaluación del equilibrio electrolítico,No requiere preparación especial,Ion selectivo,1,Medicina Interna,t,,2025-10-23 00:51:00.061329,2025-10-23 00:51:00.061329
183,LAB022,Potasio,1,Electrolitos,Evaluación del equilibrio electrolítico,No requiere preparación especial,Ion selectivo,1,Medicina Interna,t,,2025-10-23 00:51:00.061329,2025-10-23 00:51:00.061329
184,LAB023,Cloro,1,Electrolitos,Evaluación del equilibrio electrolítico,No requiere preparación especial,Ion selectivo,1,Medicina Interna,t,,2025-10-23 00:51:00.061329,2025-10-23 00:51:00.061329
185,LAB024,Calcio Total,1,Electrolitos,Evaluación del metabolismo del calcio,No requiere preparación especial,Método colorimétrico,1,Endocrinología,t,,2025-10-23 00:51:00.061329,2025-10-23 00:51:00.061329
186,LAB025,Fósforo,1,Electrolitos,Evaluación del metabolismo del fósforo,No requiere preparación especial,Método colorimétrico,1,Endocrinología,t,,2025-10-23 00:51:00.061329,2025-10-23 00:51:00.061329
187,LAB026,Proteínas Totales,1,Proteínas,Evaluación del estado nutricional,No requiere preparación especial,Método colorimétrico,1,Medicina Interna,t,,2025-10-23 00:51:00.061329,2025-10-23 00:51:00.061329
188,LAB027,Albúmina,1,Proteínas,Evaluación del estado nutricional,No requiere preparación especial,Método colorimétrico,1,Medicina Interna,t,,2025-10-23 00:51:00.061329,2025-10-23 00:51:00.061329
189,LAB028,Globulinas,1,Proteínas,Evaluación del estado inmunológico,No requiere preparación especial,Cálculo matemático,1,Inmunología,t,,2025-10-23 00:51:00.061329,2025-10-23 00:51:00.061329
190,LAB029,Relación Albúmina/Globulina,1,Proteínas,Evaluación del estado nutricional e inmunológico,No requiere preparación especial,Cálculo matemático,1,Medicina Interna,t,,2025-10-23 00:51:00.061329,2025-10-23 00:51:00.061329
191,LAB030,Antígeno Prostático Específico (PSA),1,Marcadores Tumorales,Detección de cáncer de próstata,No requiere preparación especial,Inmunoensayo,2,Urología,t,,2025-10-23 00:51:00.061329,2025-10-23 00:51:00.061329
192,LAB031,Alfa Fetoproteína (AFP),1,Marcadores Tumorales,Detección de cáncer hepático,No requiere preparación especial,Inmunoensayo,2,Oncología,t,,2025-10-23 00:51:00.061329,2025-10-23 00:51:00.061329
193,LAB032,Antígeno Carcinoembrionario (CEA),1,Marcadores Tumorales,Detección de cáncer colorrectal,No requiere preparación especial,Inmunoensayo,2,Oncología,t,,2025-10-23 00:51:00.061329,2025-10-23 00:51:00.061329
194,LAB033,Hormona Estimulante del Tiroides (TSH),1,Función Tiroidea,Evaluación de la función tiroidea,No requiere preparación especial,Inmunoensayo,2,Endocrinología,t,,2025-10-23 00:51:00.061329,2025-10-23 00:51:00.061329
195,LAB034,Tiroxina Libre (T4L),1,Función Tiroidea,Evaluación de la función tiroidea,No requiere preparación especial,Inmunoensayo,2,Endocrinología,t,,2025-10-23 00:51:00.061329,2025-10-23 00:51:00.061329
196,LAB035,Triyodotironina Libre (T3L),1,Función Tiroidea,Evaluación de la función tiroidea,No requiere preparación especial,Inmunoensayo,2,Endocrinología,t,,2025-10-23 00:51:00.061329,2025-10-23 00:51:00.061329
197,LAB036,Vitamina D (25-OH),1,Vitaminas,Evaluación del estado de vitamina D,No requiere preparación especial,Inmunoensayo,2,Endocrinología,t,,2025-10-23 00:51:00.061329,2025-10-23 00:51:00.061329
198,LAB037,Vitamina B12,1,Vitaminas,Evaluación del estado de vitamina B12,No requiere preparación especial,Inmunoensayo,2,Hematología,t,,2025-10-23 00:51:00.061329,2025-10-23 00:51:00.061329
199,LAB038,Ácido Fólico,1,Vitaminas,Evaluación del estado de ácido fólico,No requiere preparación especial,Inmunoensayo,2,Hematología,t,,2025-10-23 00:51:00.061329,2025-10-23 00:51:00.061329
200,LAB039,Filtrado Glomerular Estimado (eGFR),1,Función Renal,Evaluación de la función renal,No requiere preparación especial,Cálculo matemático,1,Nefrología,t,,2025-10-23 00:51:00.061329,2025-10-23 00:51:00.061329
201,LAB040,Microalbuminuria,1,Función Renal,Detección temprana de daño renal,No requiere preparación especial,Inmunoensayo,2,Nefrología,t,,2025-10-23 00:51:00.061329,2025-10-23 00:51:00.061329
202,LAB041,Proteína C Reactiva (PCR),1,Inflamación,Marcador de inflamación,No requiere preparación especial,Inmunoensayo,1,Medicina Interna,t,,2025-10-23 00:51:00.061329,2025-10-23 00:51:00.061329
203,LAB042,Ferritina,1,Hematología,Evaluación del hierro corporal,No requiere preparación especial,Inmunoensayo,1,Hematología,t,,2025-10-23 00:51:00.061329,2025-10-23 00:51:00.061329
204,LAB043,Hierro Sérico,1,Hematología,Evaluación del hierro corporal,Ayuno de 8 horas,Método colorimétrico,1,Hematología,t,,2025-10-23 00:51:00.061329,2025-10-23 00:51:00.061329
205,LAB044,Capacidad de Fijación del Hierro (TIBC),1,Hematología,Evaluación del hierro corporal,Ayuno de 8 horas,Método colorimétrico,1,Hematología,t,,2025-10-23 00:51:00.061329,2025-10-23 00:51:00.061329
206,LAB045,Fibrinógeno,1,Coagulación,Evaluación de la coagulación,No requiere preparación especial,Método coagulométrico,1,Hematología,t,,2025-10-23 00:51:00.061329,2025-10-23 00:51:00.061329
207,LAB046,Dímero D,1,Coagulación,Detección de trombosis,No requiere preparación especial,Inmunoensayo,2,Hematología,t,,2025-10-23 00:51:00.061329,2025-10-23 00:51:00.061329
208,LAB047,Lactato Deshidrogenasa (LDH),1,Función Hepática,Evaluación de daño tisular,No requiere preparación especial,Método enzimático,1,Medicina Interna,t,,2025-10-23 00:51:00.061329,2025-10-23 00:51:00.061329
209,LAB048,Amilasa,1,Función Pancreática,Evaluación de la función pancreática,No requiere preparación especial,Método enzimático,1,Gastroenterología,t,,2025-10-23 00:51:00.061329,2025-10-23 00:51:00.061329
210,LAB049,Lipasa,1,Función Pancreática,Evaluación de la función pancreática,No requiere preparación especial,Método enzimático,1,Gastroenterología,t,,2025-10-23 00:51:00.061329,2025-10-23 00:51:00.061329
211,LAB050,Perfil Metabólico Completo,1,Perfil Metabólico,Evaluación integral del metabolismo,Ayuno de 12 horas,Múltiples métodos,4,Medicina Interna,t,,2025-10-23 00:51:00.061329,2025-10-23 00:51:00.061329
217,IMG006,Ultrasonido Abdominal,2,Ultrasonido,Evaluación de órganos abdominales,Ayuno de 6 horas,Ultrasonido Doppler,1,Gastroenterología,t,,2025-10-23 00:51:39.314477,2025-10-23 00:51:39.314477
218,IMG007,Ultrasonido Pélvico,2,Ultrasonido,Evaluación de órganos pélvicos,Vejiga llena,Ultrasonido transabdominal,1,Ginecología,t,,2025-10-23 00:51:39.314477,2025-10-23 00:51:39.314477
219,IMG008,Ultrasonido Transvaginal,2,Ultrasonido,Evaluación ginecológica detallada,Vejiga vacía,Ultrasonido transvaginal,1,Ginecología,t,,2025-10-23 00:51:39.314477,2025-10-23 00:51:39.314477
220,IMG009,Ultrasonido de Tiroides,2,Ultrasonido,Evaluación de la glándula tiroides,No requiere preparación especial,Ultrasonido de alta resolución,1,Endocrinología,t,,2025-10-23 00:51:39.314477,2025-10-23 00:51:39.314477
221,IMG010,Ultrasonido de Próstata,2,Ultrasonido,Evaluación de la próstata,Enema evacuante,Ultrasonido transrectal,1,Urología,t,,2025-10-23 00:51:39.314477,2025-10-23 00:51:39.314477
223,IMG012,Tomografía de Abdomen,2,Tomografía,Evaluación detallada del abdomen,Ayuno de 6 horas,Tomografía helicoidal,2,Gastroenterología,t,,2025-10-23 00:51:39.314477,2025-10-23 00:51:39.314477
224,IMG013,Tomografía de Cráneo,2,Tomografía,Evaluación detallada del cráneo,No requiere preparación especial,Tomografía helicoidal,2,Neurología,t,,2025-10-23 00:51:39.314477,2025-10-23 00:51:39.314477
225,IMG014,Tomografía de Columna,2,Tomografía,Evaluación de la columna vertebral,No requiere preparación especial,Tomografía helicoidal,2,Ortopedia,t,,2025-10-23 00:51:39.314477,2025-10-23 00:51:39.314477
226,IMG015,Tomografía de Pelvis,2,Tomografía,Evaluación de la pelvis,Ayuno de 6 horas,Tomografía helicoidal,2,Ginecología,t,,2025-10-23 00:51:39.314477,2025-10-23 00:51:39.314477
227,IMG016,Resonancia Magnética de Cráneo,2,Resonancia Magnética,Evaluación detallada del encéfalo,No requiere preparación especial,Resonancia magnética 1.5T,3,Neurología,t,,2025-10-23 00:51:39.314477,2025-10-23 00:51:39.314477
228,IMG017,Resonancia Magnética de Columna,2,Resonancia Magnética,Evaluación de la columna vertebral,No requiere preparación especial,Resonancia magnética 1.5T,3,Ortopedia,t,,2025-10-23 00:51:39.314477,2025-10-23 00:51:39.314477
229,IMG018,Resonancia Magnética de Rodilla,2,Resonancia Magnética,Evaluación de la articulación de la rodilla,No requiere preparación especial,Resonancia magnética 1.5T,2,Ortopedia,t,,2025-10-23 00:51:39.314477,2025-10-23 00:51:39.314477
230,IMG019,Resonancia Magnética de Hombro,2,Resonancia Magnética,Evaluación de la articulación del hombro,No requiere preparación especial,Resonancia magnética 1.5T,2,Ortopedia,t,,2025-10-23 00:51:39.314477,2025-10-23 00:51:39.314477
231,IMG020,Resonancia Magnética de Cadera,2,Resonancia Magnética,Evaluación de la articulación de la cadera,No requiere preparación especial,Resonancia magnética 1.5T,2,Ortopedia,t,,2025-10-23 00:51:39.314477,2025-10-23 00:51:39.314477
233,IMG022,Mamografía de Seguimiento,2,Mamografía,Seguimiento de lesiones mamarias,No requiere preparación especial,Mamografía digital,1,Mastología,t,,2025-10-23 00:51:39.314477,2025-10-23 00:51:39.314477
234,IMG023,Ultrasonido de Mama,2,Ultrasonido,Evaluación complementaria de mama,No requiere preparación especial,Ultrasonido de alta resolución,1,Mastología,t,,2025-10-23 00:51:39.314477,2025-10-23 00:51:39.314477
235,IMG024,Ecocardiograma Transtorácico,2,Ecocardiografía,Evaluación de la función cardíaca,No requiere preparación especial,Ecocardiografía Doppler,1,Cardiología,t,,2025-10-23 00:51:39.314477,2025-10-23 00:51:39.314477
236,IMG025,Ecocardiograma Transesofágico,2,Ecocardiografía,Evaluación detallada del corazón,Ayuno de 6 horas,Ecocardiografía transesofágica,2,Cardiología,t,,2025-10-23 00:51:39.314477,2025-10-23 00:51:39.314477
237,IMG026,Prueba de Esfuerzo,2,Cardiología,Evaluación de la función cardíaca bajo estrés,Ayuno de 4 horas,Ergometría,2,Cardiología,t,,2025-10-23 00:51:39.314477,2025-10-23 00:51:39.314477
238,IMG027,Holter de 24 Horas,2,Cardiología,Monitoreo continuo del ritmo cardíaco,No requiere preparación especial,Electrocardiografía ambulatoria,24,Cardiología,t,,2025-10-23 00:51:39.314477,2025-10-23 00:51:39.314477
239,IMG028,MAPA (Monitoreo Ambulatorio de Presión),2,Cardiología,Monitoreo de la presión arterial,No requiere preparación especial,Monitoreo ambulatorio,24,Cardiología,t,,2025-10-23 00:51:39.314477,2025-10-23 00:51:39.314477
240,IMG029,Serie Esófago-Gastro-Duodenal,2,Radiología Contrastada,Evaluación del tracto digestivo superior,Ayuno de 8 horas,Radiografía con contraste,2,Gastroenterología,t,,2025-10-23 00:51:39.314477,2025-10-23 00:51:39.314477
241,IMG030,Enema Opaco,2,Radiología Contrastada,Evaluación del colon,Preparación intestinal,Radiografía con contraste,2,Gastroenterología,t,,2025-10-23 00:51:39.314477,2025-10-23 00:51:39.314477
242,IMG031,Colonoscopía Virtual,2,Tomografía,Evaluación del colon,Preparación intestinal,Tomografía helicoidal,2,Gastroenterología,t,,2025-10-23 00:51:39.314477,2025-10-23 00:51:39.314477
243,IMG032,Urografía Intravenosa,2,Radiología Contrastada,Evaluación del sistema urinario,Ayuno de 6 horas,Radiografía con contraste,2,Urología,t,,2025-10-23 00:51:39.314477,2025-10-23 00:51:39.314477
244,IMG033,Cistouretrografía,2,Radiología Contrastada,Evaluación de la vejiga y uretra,No requiere preparación especial,Radiografía con contraste,1,Urología,t,,2025-10-23 00:51:39.314477,2025-10-23 00:51:39.314477
245,IMG034,Ultrasonido Renal,2,Ultrasonido,Evaluación de los riñones,Vejiga llena,Ultrasonido Doppler,1,Nefrología,t,,2025-10-23 00:51:39.314477,2025-10-23 00:51:39.314477
246,IMG035,Angiografía Cerebral,2,Angiografía,Evaluación de vasos cerebrales,Ayuno de 6 horas,Angiografía por cateterismo,3,Neurología,t,,2025-10-23 00:51:39.314477,2025-10-23 00:51:39.314477
247,IMG036,Angiografía por Resonancia,2,Resonancia Magnética,Evaluación de vasos cerebrales,No requiere preparación especial,Resonancia magnética con contraste,2,Neurología,t,,2025-10-23 00:51:39.314477,2025-10-23 00:51:39.314477
248,IMG037,Tomografía de Perfusión Cerebral,2,Tomografía,Evaluación del flujo cerebral,No requiere preparación especial,Tomografía con contraste,2,Neurología,t,,2025-10-23 00:51:39.314477,2025-10-23 00:51:39.314477
249,IMG038,Radiografía de Cadera Pediátrica,2,Radiografía,Evaluación del desarrollo de cadera,No requiere preparación especial,Radiografía digital,1,Ortopedia Pediátrica,t,,2025-10-23 00:51:39.314477,2025-10-23 00:51:39.314477
250,IMG039,Ultrasonido Cerebral Pediátrico,2,Ultrasonido,Evaluación del encéfalo en niños,No requiere preparación especial,Ultrasonido transcraneal,1,Neurología Pediátrica,t,,2025-10-23 00:51:39.314477,2025-10-23 00:51:39.314477
251,IMG040,Densitometría Ósea,2,Densitometría,Evaluación de la densidad ósea,No requiere preparación especial,Absorciometría de rayos X,1,Reumatología,t,,2025-10-23 00:51:39.314477,2025-10-23 00:51:39.314477
252,IMG041,Tomografía de Perfusión Miocárdica,2,Medicina Nuclear,Evaluación de la perfusión cardíaca,Ayuno de 4 horas,Tomografía con radiotrazador,3,Cardiología,t,,2025-10-23 00:51:39.314477,2025-10-23 00:51:39.314477
253,IMG042,Gammagrafía Tiroidea,2,Medicina Nuclear,Evaluación de la función tiroidea,Suspender medicamentos antitiroideos,Gammagrafía con yodo-131,2,Endocrinología,t,,2025-10-23 00:51:39.314477,2025-10-23 00:51:39.314477
254,IMG043,Gammagrafía Ósea,2,Medicina Nuclear,Evaluación del esqueleto,No requiere preparación especial,Gammagrafía con tecnecio-99m,3,Ortopedia,t,,2025-10-23 00:51:39.314477,2025-10-23 00:51:39.314477
255,IMG044,Tomografía por Emisión de Positrones (PET),2,Medicina Nuclear,Evaluación metabólica de tejidos,Ayuno de 6 horas,PET con FDG,4,Oncología,t,,2025-10-23 00:51:39.314477,2025-10-23 00:51:39.314477
256,IMG045,Angiografía Coronaria,2,Angiografía,Evaluación de arterias coronarias,Ayuno de 6 horas,Angiografía por cateterismo,3,Cardiología,t,,2025-10-23 00:51:39.314477,2025-10-23 00:51:39.314477
257,IMG046,Resonancia Magnética de Corazón,2,Resonancia Magnética,Evaluación detallada del corazón,No requiere preparación especial,Resonancia magnética 1.5T,2,Cardiología,t,,2025-10-23 00:51:39.314477,2025-10-23 00:51:39.314477
258,IMG047,Tomografía de Tórax con Contraste,2,Tomografía,Evaluación detallada del tórax,No requiere preparación especial,Tomografía helicoidal con contraste,2,Neumología,t,,2025-10-23 00:51:39.314477,2025-10-23 00:51:39.314477
259,IMG048,Resonancia Magnética de Abdomen,2,Resonancia Magnética,Evaluación detallada del abdomen,Ayuno de 6 horas,Resonancia magnética 1.5T,3,Gastroenterología,t,,2025-10-23 00:51:39.314477,2025-10-23 00:51:39.314477
260,IMG049,Ultrasonido Doppler Vascular,2,Ultrasonido,Evaluación del flujo sanguíneo,No requiere preparación especial,Ultrasonido Doppler,1,Angiología,t,,2025-10-23 00:51:39.314477,2025-10-23 00:51:39.314477
261,IMG050,Tomografía de Tórax de Alta Resolución,2,Tomografía,Evaluación de enfermedades pulmonares,No requiere preparación especial,Tomografía helicoidal,2,Neumología,t,,2025-10-23 00:51:39.314477,2025-10-23 00:51:39.314477
262,FUN001,Espirometría Simple,3,Función Pulmonar,Evaluación de la función respiratoria,No requiere preparación especial,Espirometría,1,Neumología,t,,2025-10-23 00:52:18.823155,2025-10-23 00:52:18.823155
263,FUN002,Espirometría con Broncodilatador,3,Función Pulmonar,Evaluación de la respuesta broncodilatadora,Suspender broncodilatadores 12h,Espirometría,1,Neumología,t,,2025-10-23 00:52:18.823155,2025-10-23 00:52:18.823155
264,FUN003,Volúmenes Pulmonares,3,Función Pulmonar,Medición de la capacidad pulmonar total,No requiere preparación especial,Pletismografía,1,Neumología,t,,2025-10-23 00:52:18.823155,2025-10-23 00:52:18.823155
265,FUN004,Capacidad de Difusión,3,Función Pulmonar,Evaluación del intercambio gaseoso,No requiere preparación especial,Método de respiración única,1,Neumología,t,,2025-10-23 00:52:18.823155,2025-10-23 00:52:18.823155
266,FUN005,Prueba de Caminata de 6 Minutos,3,Función Pulmonar,Evaluación de la capacidad funcional,No requiere preparación especial,Prueba de ejercicio,1,Neumología,t,,2025-10-23 00:52:18.823155,2025-10-23 00:52:18.823155
267,FUN006,Electrocardiograma en Reposo,3,Función Cardíaca,Evaluación del ritmo cardíaco,No requiere preparación especial,Electrocardiografía,1,Cardiología,t,,2025-10-23 00:52:18.823155,2025-10-23 00:52:18.823155
268,FUN007,Prueba de Esfuerzo Máxima,3,Función Cardíaca,Evaluación de la función cardíaca bajo estrés,Ayuno de 4 horas,Ergometría,2,Cardiología,t,,2025-10-23 00:52:18.823155,2025-10-23 00:52:18.823155
269,FUN008,Prueba de Esfuerzo Submáxima,3,Función Cardíaca,Evaluación de la función cardíaca,Ayuno de 4 horas,Ergometría,1,Cardiología,t,,2025-10-23 00:52:18.823155,2025-10-23 00:52:18.823155
270,FUN009,Ecocardiograma de Estrés,3,Función Cardíaca,Evaluación de la función cardíaca bajo estrés,Ayuno de 4 horas,Ecocardiografía de estrés,2,Cardiología,t,,2025-10-23 00:52:18.823155,2025-10-23 00:52:18.823155
271,FUN010,Tilt Test,3,Función Cardíaca,Evaluación de síncope,Ayuno de 4 horas,Prueba de inclinación,2,Cardiología,t,,2025-10-23 00:52:18.823155,2025-10-23 00:52:18.823155
272,FUN011,Electroencefalograma,3,Función Neurológica,Evaluación de la actividad cerebral,Lavar cabello sin acondicionador,Electroencefalografía,2,Neurología,t,,2025-10-23 00:52:18.823155,2025-10-23 00:52:18.823155
273,FUN012,Electromiografía,3,Función Neurológica,Evaluación de la función neuromuscular,No requiere preparación especial,Electromiografía,2,Neurología,t,,2025-10-23 00:52:18.823155,2025-10-23 00:52:18.823155
274,FUN013,Velocidad de Conducción Nerviosa,3,Función Neurológica,Evaluación de la función nerviosa,No requiere preparación especial,Electroneurografía,2,Neurología,t,,2025-10-23 00:52:18.823155,2025-10-23 00:52:18.823155
275,FUN014,Potenciales Evocados Visuales,3,Función Neurológica,Evaluación de la vía visual,No requiere preparación especial,Potenciales evocados,1,Neurología,t,,2025-10-23 00:52:18.823155,2025-10-23 00:52:18.823155
276,FUN015,Potenciales Evocados Auditivos,3,Función Neurológica,Evaluación de la vía auditiva,No requiere preparación especial,Potenciales evocados,1,Neurología,t,,2025-10-23 00:52:18.823155,2025-10-23 00:52:18.823155
277,FUN016,Manometría Esofágica,3,Función Gastrointestinal,Evaluación de la función esofágica,Ayuno de 8 horas,Manometría,2,Gastroenterología,t,,2025-10-23 00:52:18.823155,2025-10-23 00:52:18.823155
278,FUN017,pHmetría de 24 Horas,3,Función Gastrointestinal,Evaluación del reflujo gastroesofágico,Ayuno de 8 horas,pHmetría ambulatoria,24,Gastroenterología,t,,2025-10-23 00:52:18.823155,2025-10-23 00:52:18.823155
279,FUN018,Manometría Anorrectal,3,Función Gastrointestinal,Evaluación de la función anorrectal,Enema evacuante,Manometría,1,Gastroenterología,t,,2025-10-23 00:52:18.823155,2025-10-23 00:52:18.823155
280,FUN019,Test de Hidrógeno Espirado,3,Función Gastrointestinal,Evaluación de malabsorción,Dieta especial 24h,Test de hidrógeno,3,Gastroenterología,t,,2025-10-23 00:52:18.823155,2025-10-23 00:52:18.823155
281,FUN020,Gammagrafía de Vaciamiento Gástrico,3,Función Gastrointestinal,Evaluación del vaciamiento gástrico,Ayuno de 8 horas,Gammagrafía,4,Gastroenterología,t,,2025-10-23 00:52:18.823155,2025-10-23 00:52:18.823155
282,FUN021,Test de Tolerancia a la Glucosa,3,Función Endocrina,Evaluación del metabolismo de glucosa,Ayuno de 8 horas,Test de tolerancia,3,Endocrinología,t,,2025-10-23 00:52:18.823155,2025-10-23 00:52:18.823155
283,FUN022,Test de Supresión con Dexametasona,3,Función Endocrina,Evaluación del eje hipotálamo-hipófisis,No requiere preparación especial,Test de supresión,2,Endocrinología,t,,2025-10-23 00:52:18.823155,2025-10-23 00:52:18.823155
284,FUN023,Test de Estimulación con ACTH,3,Función Endocrina,Evaluación de la función suprarrenal,No requiere preparación especial,Test de estimulación,2,Endocrinología,t,,2025-10-23 00:52:18.823155,2025-10-23 00:52:18.823155
285,FUN024,Test de Liberación de Hormona de Crecimiento,3,Función Endocrina,Evaluación de la función hipofisaria,Ayuno de 8 horas,Test de estimulación,2,Endocrinología,t,,2025-10-23 00:52:18.823155,2025-10-23 00:52:18.823155
286,FUN025,Test de Metirapona,3,Función Endocrina,Evaluación de la función suprarrenal,No requiere preparación especial,Test de inhibición,2,Endocrinología,t,,2025-10-23 00:52:18.823155,2025-10-23 00:52:18.823155
287,FUN026,Uroflujometría,3,Función Urológica,Evaluación del flujo urinario,Vejiga llena,Uroflujometría,1,Urología,t,,2025-10-23 00:52:18.823155,2025-10-23 00:52:18.823155
288,FUN027,Cistometría,3,Función Urológica,Evaluación de la función vesical,No requiere preparación especial,Cistometría,2,Urología,t,,2025-10-23 00:52:18.823155,2025-10-23 00:52:18.823155
289,FUN028,Perfil Urodinámico Completo,3,Función Urológica,Evaluación integral de la función urinaria,No requiere preparación especial,Urodinamia,2,Urología,t,,2025-10-23 00:52:18.823155,2025-10-23 00:52:18.823155
290,FUN029,Test de Presión Uretral,3,Función Urológica,Evaluación de la función esfinteriana,No requiere preparación especial,Manometría uretral,1,Urología,t,,2025-10-23 00:52:18.823155,2025-10-23 00:52:18.823155
291,FUN030,Gammagrafía Renal,3,Función Urológica,Evaluación de la función renal,No requiere preparación especial,Gammagrafía,2,Nefrología,t,,2025-10-23 00:52:18.823155,2025-10-23 00:52:18.823155
292,HEM001,Frotis de Sangre Periférica,18,Morfología,Evaluación morfológica de células sanguíneas,No requiere preparación especial,Microscopía,2,Hematología,t,,2025-10-23 00:52:18.823155,2025-10-23 00:52:18.823155
293,HEM002,Reticulocitos,18,Eritropoyesis,Evaluación de la producción de glóbulos rojos,No requiere preparación especial,Tinción supravital,2,Hematología,t,,2025-10-23 00:52:18.823155,2025-10-23 00:52:18.823155
294,HEM003,Haptoglobina,18,Hemólisis,Evaluación de hemólisis,No requiere preparación especial,Inmunoensayo,2,Hematología,t,,2025-10-23 00:52:18.823155,2025-10-23 00:52:18.823155
296,HEM005,Tiempo de Sangrado,18,Coagulación,Evaluación de la función plaquetaria,No requiere preparación especial,Método de Ivy,1,Hematología,t,,2025-10-23 00:52:18.823155,2025-10-23 00:52:18.823155
297,HEM006,Agregación Plaquetaria,18,Coagulación,Evaluación de la función plaquetaria,No requiere preparación especial,Agregometría,2,Hematología,t,,2025-10-23 00:52:18.823155,2025-10-23 00:52:18.823155
298,HEM007,Factor VIII,18,Coagulación,Evaluación de hemofilia A,No requiere preparación especial,Coagulometría,2,Hematología,t,,2025-10-23 00:52:18.823155,2025-10-23 00:52:18.823155
299,HEM008,Factor IX,18,Coagulación,Evaluación de hemofilia B,No requiere preparación especial,Coagulometría,2,Hematología,t,,2025-10-23 00:52:18.823155,2025-10-23 00:52:18.823155
300,HEM009,Factor von Willebrand,18,Coagulación,Evaluación de enfermedad de von Willebrand,No requiere preparación especial,Inmunoensayo,2,Hematología,t,,2025-10-23 00:52:18.823155,2025-10-23 00:52:18.823155
301,HEM010,Electroforesis de Hemoglobina,18,Hemoglobina,Detección de hemoglobinopatías,No requiere preparación especial,Electroforesis,2,Hematología,t,,2025-10-23 00:52:18.823155,2025-10-23 00:52:18.823155
302,QS001,Perfil Metabólico Básico,17,Perfil Metabólico,Evaluación básica del metabolismo,Ayuno de 8 horas,Múltiples métodos,2,Medicina Interna,t,,2025-10-23 00:52:18.823155,2025-10-23 00:52:18.823155
305,QS004,Perfil Hepático,17,Perfil Hepático,Evaluación de la función hepática,No requiere preparación especial,Múltiples métodos,2,Gastroenterología,t,,2025-10-23 00:52:18.823155,2025-10-23 00:52:18.823155
306,QS005,Perfil Renal,17,Perfil Renal,Evaluación de la función renal,No requiere preparación especial,Múltiples métodos,2,Nefrología,t,,2025-10-23 00:52:18.823155,2025-10-23 00:52:18.823155
307,QS006,Electrolitos Básicos,17,Electrolitos,Evaluación del equilibrio electrolítico,No requiere preparación especial,Ion selectivo,1,Medicina Interna,t,,2025-10-23 00:52:18.823155,2025-10-23 00:52:18.823155
308,QS007,Electrolitos Completos,17,Electrolitos,Evaluación completa del equilibrio electrolítico,No requiere preparación especial,Ion selectivo,2,Medicina Interna,t,,2025-10-23 00:52:18.823155,2025-10-23 00:52:18.823155
309,QS008,Magnesio,17,Electrolitos,Evaluación del magnesio,No requiere preparación especial,Método colorimétrico,1,Medicina Interna,t,,2025-10-23 00:52:18.823155,2025-10-23 00:52:18.823155
311,QS010,Calcio Ionizado,17,Electrolitos,Evaluación del calcio activo,No requiere preparación especial,Ion selectivo,1,Endocrinología,t,,2025-10-23 00:52:18.823155,2025-10-23 00:52:18.823155
312,HOR001,Perfil Tiroideo Completo,21,Función Tiroidea,Evaluación integral de la función tiroidea,No requiere preparación especial,Inmunoensayo,2,Endocrinología,t,,2025-10-23 00:52:58.89053,2025-10-23 00:52:58.89053
313,HOR002,TSH Ultrasensible,21,Función Tiroidea,Evaluación de la función tiroidea,No requiere preparación especial,Inmunoensayo,2,Endocrinología,t,,2025-10-23 00:52:58.89053,2025-10-23 00:52:58.89053
314,HOR003,T4 Libre,21,Función Tiroidea,Evaluación de la función tiroidea,No requiere preparación especial,Inmunoensayo,2,Endocrinología,t,,2025-10-23 00:52:58.89053,2025-10-23 00:52:58.89053
315,HOR004,T3 Libre,21,Función Tiroidea,Evaluación de la función tiroidea,No requiere preparación especial,Inmunoensayo,2,Endocrinología,t,,2025-10-23 00:52:58.89053,2025-10-23 00:52:58.89053
316,HOR005,T4 Total,21,Función Tiroidea,Evaluación de la función tiroidea,No requiere preparación especial,Inmunoensayo,2,Endocrinología,t,,2025-10-23 00:52:58.89053,2025-10-23 00:52:58.89053
317,HOR006,Cortisol Matutino,21,Función Suprarrenal,Evaluación de la función suprarrenal,No requiere preparación especial,Inmunoensayo,2,Endocrinología,t,,2025-10-23 00:52:58.89053,2025-10-23 00:52:58.89053
318,HOR007,Cortisol Vespertino,21,Función Suprarrenal,Evaluación del ritmo circadiano,No requiere preparación especial,Inmunoensayo,2,Endocrinología,t,,2025-10-23 00:52:58.89053,2025-10-23 00:52:58.89053
319,HOR008,Cortisol en Orina 24h,21,Función Suprarrenal,Evaluación de la función suprarrenal,Recolección de orina 24h,Inmunoensayo,2,Endocrinología,t,,2025-10-23 00:52:58.89053,2025-10-23 00:52:58.89053
320,HOR009,ACTH,21,Función Suprarrenal,Evaluación del eje hipotálamo-hipófisis,No requiere preparación especial,Inmunoensayo,2,Endocrinología,t,,2025-10-23 00:52:58.89053,2025-10-23 00:52:58.89053
321,HOR010,Aldosterona,21,Función Suprarrenal,Evaluación de la función suprarrenal,No requiere preparación especial,Inmunoensayo,2,Endocrinología,t,,2025-10-23 00:52:58.89053,2025-10-23 00:52:58.89053
322,HOR011,Hormona de Crecimiento,21,Función Hipofisaria,Evaluación de la función hipofisaria,Ayuno de 8 horas,Inmunoensayo,2,Endocrinología,t,,2025-10-23 00:52:58.89053,2025-10-23 00:52:58.89053
323,HOR012,IGF-1,21,Función Hipofisaria,Evaluación de la función hipofisaria,No requiere preparación especial,Inmunoensayo,2,Endocrinología,t,,2025-10-23 00:52:58.89053,2025-10-23 00:52:58.89053
324,HOR013,Prolactina,21,Función Hipofisaria,Evaluación de la función hipofisaria,No requiere preparación especial,Inmunoensayo,2,Endocrinología,t,,2025-10-23 00:52:58.89053,2025-10-23 00:52:58.89053
325,HOR014,LH,21,Función Hipofisaria,Evaluación de la función reproductiva,No requiere preparación especial,Inmunoensayo,2,Endocrinología,t,,2025-10-23 00:52:58.89053,2025-10-23 00:52:58.89053
326,HOR015,FSH,21,Función Hipofisaria,Evaluación de la función reproductiva,No requiere preparación especial,Inmunoensayo,2,Endocrinología,t,,2025-10-23 00:52:58.89053,2025-10-23 00:52:58.89053
327,HOR016,Testosterona Total,21,Función Reproductiva,Evaluación de la función reproductiva masculina,No requiere preparación especial,Inmunoensayo,2,Endocrinología,t,,2025-10-23 00:52:58.89053,2025-10-23 00:52:58.89053
328,HOR017,Testosterona Libre,21,Función Reproductiva,Evaluación de la función reproductiva masculina,No requiere preparación especial,Inmunoensayo,2,Endocrinología,t,,2025-10-23 00:52:58.89053,2025-10-23 00:52:58.89053
329,HOR018,Estradiol,21,Función Reproductiva,Evaluación de la función reproductiva femenina,No requiere preparación especial,Inmunoensayo,2,Endocrinología,t,,2025-10-23 00:52:58.89053,2025-10-23 00:52:58.89053
330,HOR019,Progesterona,21,Función Reproductiva,Evaluación de la función reproductiva femenina,No requiere preparación especial,Inmunoensayo,2,Endocrinología,t,,2025-10-23 00:52:58.89053,2025-10-23 00:52:58.89053
331,HOR020,DHEA-S,21,Función Reproductiva,Evaluación de la función suprarrenal,No requiere preparación especial,Inmunoensayo,2,Endocrinología,t,,2025-10-23 00:52:58.89053,2025-10-23 00:52:58.89053
332,HOR021,Insulina,21,Función Pancreática,Evaluación de la función pancreática,Ayuno de 8 horas,Inmunoensayo,2,Endocrinología,t,,2025-10-23 00:52:58.89053,2025-10-23 00:52:58.89053
333,HOR022,Péptido C,21,Función Pancreática,Evaluación de la función pancreática,Ayuno de 8 horas,Inmunoensayo,2,Endocrinología,t,,2025-10-23 00:52:58.89053,2025-10-23 00:52:58.89053
334,HOR023,Glucagón,21,Función Pancreática,Evaluación de la función pancreática,Ayuno de 8 horas,Inmunoensayo,2,Endocrinología,t,,2025-10-23 00:52:58.89053,2025-10-23 00:52:58.89053
335,HOR024,Amilina,21,Función Pancreática,Evaluación de la función pancreática,Ayuno de 8 horas,Inmunoensayo,2,Endocrinología,t,,2025-10-23 00:52:58.89053,2025-10-23 00:52:58.89053
336,HOR025,Gastrina,21,Función Pancreática,Evaluación de la función gastrointestinal,Ayuno de 8 horas,Inmunoensayo,2,Gastroenterología,t,,2025-10-23 00:52:58.89053,2025-10-23 00:52:58.89053
337,MIC001,Hemocultivo,19,Cultivos,Detección de bacteriemia,No requiere preparación especial,Cultivo aeróbico y anaeróbico,72,Infectología,t,,2025-10-23 00:52:58.89053,2025-10-23 00:52:58.89053
338,MIC002,Urocultivo,19,Cultivos,Detección de infección urinaria,Limpieza genital,Cultivo en agar,48,Urología,t,,2025-10-23 00:52:58.89053,2025-10-23 00:52:58.89053
339,MIC003,Cultivo de Esputo,19,Cultivos,Detección de infección respiratoria,Lavado bucal,Cultivo en agar,48,Neumología,t,,2025-10-23 00:52:58.89053,2025-10-23 00:52:58.89053
340,MIC004,Cultivo de Heces,19,Cultivos,Detección de infección gastrointestinal,No requiere preparación especial,Cultivo en agar,48,Gastroenterología,t,,2025-10-23 00:52:58.89053,2025-10-23 00:52:58.89053
341,MIC005,Cultivo de Herida,19,Cultivos,Detección de infección de herida,Limpieza de herida,Cultivo en agar,48,Cirugía,t,,2025-10-23 00:52:58.89053,2025-10-23 00:52:58.89053
342,MIC006,Cultivo de Hongos,19,Cultivos,Detección de infección fúngica,No requiere preparación especial,Cultivo en agar Sabouraud,72,Infectología,t,,2025-10-23 00:52:58.89053,2025-10-23 00:52:58.89053
343,MIC007,Cultivo de Candida,19,Cultivos,Detección de candidiasis,No requiere preparación especial,Cultivo en agar,48,Infectología,t,,2025-10-23 00:52:58.89053,2025-10-23 00:52:58.89053
344,MIC008,Cultivo de Aspergillus,19,Cultivos,Detección de aspergilosis,No requiere preparación especial,Cultivo en agar,72,Infectología,t,,2025-10-23 00:52:58.89053,2025-10-23 00:52:58.89053
345,MIC009,Cultivo Viral,19,Cultivos,Detección de infección viral,No requiere preparación especial,Cultivo celular,168,Infectología,t,,2025-10-23 00:52:58.89053,2025-10-23 00:52:58.89053
346,MIC010,Cultivo de Herpes,19,Cultivos,Detección de herpes,No requiere preparación especial,Cultivo celular,72,Infectología,t,,2025-10-23 00:52:58.89053,2025-10-23 00:52:58.89053
347,MIC011,Antibiograma,19,Sensibilidad,Evaluación de sensibilidad antibiótica,No requiere preparación especial,Método de Kirby-Bauer,48,Infectología,t,,2025-10-23 00:52:58.89053,2025-10-23 00:52:58.89053
348,MIC012,Antimicograma,19,Sensibilidad,Evaluación de sensibilidad antifúngica,No requiere preparación especial,Método de Kirby-Bauer,72,Infectología,t,,2025-10-23 00:52:58.89053,2025-10-23 00:52:58.89053
349,MIC013,Test Rápido de Estreptococo,19,Pruebas Rápidas,Detección rápida de estreptococo,No requiere preparación especial,Inmunoensayo,1,Infectología,t,,2025-10-23 00:52:58.89053,2025-10-23 00:52:58.89053
350,MIC014,Test Rápido de Influenza,19,Pruebas Rápidas,Detección rápida de influenza,No requiere preparación especial,Inmunoensayo,1,Infectología,t,,2025-10-23 00:52:58.89053,2025-10-23 00:52:58.89053
351,MIC015,Test Rápido de COVID-19,19,Pruebas Rápidas,Detección rápida de COVID-19,No requiere preparación especial,Inmunoensayo,1,Infectología,t,,2025-10-23 00:52:58.89053,2025-10-23 00:52:58.89053
352,INM001,Inmunoglobulina A (IgA),20,Inmunoglobulinas,Evaluación de la función inmunológica,No requiere preparación especial,Inmunoensayo,2,Inmunología,t,,2025-10-23 00:52:58.89053,2025-10-23 00:52:58.89053
353,INM002,Inmunoglobulina G (IgG),20,Inmunoglobulinas,Evaluación de la función inmunológica,No requiere preparación especial,Inmunoensayo,2,Inmunología,t,,2025-10-23 00:52:58.89053,2025-10-23 00:52:58.89053
354,INM003,Inmunoglobulina M (IgM),20,Inmunoglobulinas,Evaluación de la función inmunológica,No requiere preparación especial,Inmunoensayo,2,Inmunología,t,,2025-10-23 00:52:58.89053,2025-10-23 00:52:58.89053
355,INM004,Inmunoglobulina E (IgE),20,Inmunoglobulinas,Evaluación de alergias,No requiere preparación especial,Inmunoensayo,2,Alergología,t,,2025-10-23 00:52:58.89053,2025-10-23 00:52:58.89053
356,INM005,Inmunoglobulina D (IgD),20,Inmunoglobulinas,Evaluación de la función inmunológica,No requiere preparación especial,Inmunoensayo,2,Inmunología,t,,2025-10-23 00:52:58.89053,2025-10-23 00:52:58.89053
357,INM006,Complemento C3,20,Complemento,Evaluación del sistema del complemento,No requiere preparación especial,Inmunoensayo,2,Inmunología,t,,2025-10-23 00:52:58.89053,2025-10-23 00:52:58.89053
358,INM007,Complemento C4,20,Complemento,Evaluación del sistema del complemento,No requiere preparación especial,Inmunoensayo,2,Inmunología,t,,2025-10-23 00:52:58.89053,2025-10-23 00:52:58.89053
359,INM008,Complemento Total (CH50),20,Complemento,Evaluación del sistema del complemento,No requiere preparación especial,Inmunoensayo,2,Inmunología,t,,2025-10-23 00:52:58.89053,2025-10-23 00:52:58.89053
360,INM009,Factor Reumatoide,20,Autoanticuerpos,Detección de artritis reumatoide,No requiere preparación especial,Inmunoensayo,2,Reumatología,t,,2025-10-23 00:52:58.89053,2025-10-23 00:52:58.89053
361,INM010,Anticuerpos Antinucleares (ANA),20,Autoanticuerpos,Detección de enfermedades autoinmunes,No requiere preparación especial,Inmunofluorescencia,2,Reumatología,t,,2025-10-23 00:52:58.89053,2025-10-23 00:52:58.89053
362,CAR001,Electrocardiograma de 12 Derivaciones,25,Electrocardiografía,Evaluación del ritmo y conducción cardíaca,No requiere preparación especial,Electrocardiografía,1,Cardiología,t,,2025-10-23 00:53:40.135834,2025-10-23 00:53:40.135834
363,CAR002,Electrocardiograma de Esfuerzo,25,Electrocardiografía,Evaluación de la función cardíaca bajo estrés,Ayuno de 4 horas,Ergometría,2,Cardiología,t,,2025-10-23 00:53:40.135834,2025-10-23 00:53:40.135834
365,CAR004,Holter de 48 Horas,25,Electrocardiografía,Monitoreo extendido del ritmo cardíaco,No requiere preparación especial,Electrocardiografía ambulatoria,48,Cardiología,t,,2025-10-23 00:53:40.135834,2025-10-23 00:53:40.135834
366,CAR005,Event Recorder,25,Electrocardiografía,Monitoreo de eventos cardíacos,No requiere preparación especial,Electrocardiografía ambulatoria,168,Cardiología,t,,2025-10-23 00:53:40.135834,2025-10-23 00:53:40.135834
370,CAR009,Ecocardiograma de Estrés Farmacológico,25,Ecocardiografía,Evaluación de la función cardíaca bajo estrés,Ayuno de 4 horas,Ecocardiografía de estrés,2,Cardiología,t,,2025-10-23 00:53:40.135834,2025-10-23 00:53:40.135834
371,CAR010,MAPA de 24 Horas,25,Presión Arterial,Monitoreo de la presión arterial,No requiere preparación especial,Monitoreo ambulatorio,24,Cardiología,t,,2025-10-23 00:53:40.135834,2025-10-23 00:53:40.135834
372,CAR011,MAPA de 48 Horas,25,Presión Arterial,Monitoreo extendido de la presión arterial,No requiere preparación especial,Monitoreo ambulatorio,48,Cardiología,t,,2025-10-23 00:53:40.135834,2025-10-23 00:53:40.135834
373,CAR012,Resonancia Magnética Cardíaca,25,Imagen Cardíaca,Evaluación detallada del corazón,No requiere preparación especial,Resonancia magnética 1.5T,2,Cardiología,t,,2025-10-23 00:53:40.135834,2025-10-23 00:53:40.135834
374,CAR013,Tomografía Cardíaca,25,Imagen Cardíaca,Evaluación de las arterias coronarias,Ayuno de 6 horas,Tomografía helicoidal,2,Cardiología,t,,2025-10-23 00:53:40.135834,2025-10-23 00:53:40.135834
375,CAR014,Gammagrafía de Perfusión Miocárdica,25,Medicina Nuclear,Evaluación de la perfusión cardíaca,Ayuno de 4 horas,Gammagrafía,3,Cardiología,t,,2025-10-23 00:53:40.135834,2025-10-23 00:53:40.135834
376,CAR015,Gammagrafía de Ventrículo,25,Medicina Nuclear,Evaluación de la función ventricular,No requiere preparación especial,Gammagrafía,2,Cardiología,t,,2025-10-23 00:53:40.135834,2025-10-23 00:53:40.135834
377,CAR016,Cateterismo Cardíaco,25,Cateterismo,Evaluación de las arterias coronarias,Ayuno de 6 horas,Cateterismo,4,Cardiología,t,,2025-10-23 00:53:40.135834,2025-10-23 00:53:40.135834
379,CAR018,Ventriculografía,25,Cateterismo,Evaluación de la función ventricular,Ayuno de 6 horas,Angiografía,3,Cardiología,t,,2025-10-23 00:53:40.135834,2025-10-23 00:53:40.135834
380,CAR019,Aortografía,25,Cateterismo,Evaluación de la aorta,Ayuno de 6 horas,Angiografía,3,Cardiología,t,,2025-10-23 00:53:40.135834,2025-10-23 00:53:40.135834
381,CAR020,Test de Inclinación,25,Función Cardíaca,Evaluación de síncope,Ayuno de 4 horas,Prueba de inclinación,2,Cardiología,t,,2025-10-23 00:53:40.135834,2025-10-23 00:53:40.135834
382,CAR021,Test de Mesa Basculante,25,Función Cardíaca,Evaluación de síncope,Ayuno de 4 horas,Prueba de inclinación,2,Cardiología,t,,2025-10-23 00:53:40.135834,2025-10-23 00:53:40.135834
383,CAR022,Test de Esfuerzo Cardiopulmonar,25,Función Cardíaca,Evaluación de la función cardíaca y pulmonar,Ayuno de 4 horas,Ergometría,2,Cardiología,t,,2025-10-23 00:53:40.135834,2025-10-23 00:53:40.135834
384,CAR023,Test de Esfuerzo con Gases,25,Función Cardíaca,Evaluación del intercambio gaseoso,Ayuno de 4 horas,Ergometría,2,Cardiología,t,,2025-10-23 00:53:40.135834,2025-10-23 00:53:40.135834
385,CAR024,Test de Esfuerzo con Lactato,25,Función Cardíaca,Evaluación del metabolismo anaeróbico,Ayuno de 4 horas,Ergometría,2,Cardiología,t,,2025-10-23 00:53:40.135834,2025-10-23 00:53:40.135834
386,CAR025,Test de Esfuerzo con VO2,25,Función Cardíaca,Evaluación de la capacidad aeróbica,Ayuno de 4 horas,Ergometría,2,Cardiología,t,,2025-10-23 00:53:40.135834,2025-10-23 00:53:40.135834
387,GAS001,Endoscopía Digestiva Alta,27,Endoscopía,Evaluación del tracto digestivo superior,Ayuno de 8 horas,Endoscopía flexible,2,Gastroenterología,t,,2025-10-23 00:53:40.135834,2025-10-23 00:53:40.135834
388,GAS002,Colonoscopía,27,Endoscopía,Evaluación del colon,Preparación intestinal,Endoscopía flexible,3,Gastroenterología,t,,2025-10-23 00:53:40.135834,2025-10-23 00:53:40.135834
389,GAS003,Rectosigmoidoscopía,27,Endoscopía,Evaluación del recto y sigmoides,Enema evacuante,Endoscopía flexible,1,Gastroenterología,t,,2025-10-23 00:53:40.135834,2025-10-23 00:53:40.135834
390,GAS004,Cápsula Endoscópica,27,Endoscopía,Evaluación del intestino delgado,Ayuno de 8 horas,Cápsula endoscópica,8,Gastroenterología,t,,2025-10-23 00:53:40.135834,2025-10-23 00:53:40.135834
391,GAS005,ERCP (Colangiopancreatografía Retrógrada),27,Endoscopía,Evaluación de vías biliares y pancreáticas,Ayuno de 8 horas,Endoscopía terapéutica,3,Gastroenterología,t,,2025-10-23 00:53:40.135834,2025-10-23 00:53:40.135834
392,GAS006,Ecoendoscopía,27,Endoscopía,Evaluación de lesiones gastrointestinales,Ayuno de 8 horas,Endoscopía con ultrasonido,2,Gastroenterología,t,,2025-10-23 00:53:40.135834,2025-10-23 00:53:40.135834
402,NEU006,Potenciales Evocados Somatosensoriales,28,Función Neurológica,Evaluación de la vía somatosensorial,No requiere preparación especial,Potenciales evocados,1,Neurología,t,,2025-10-23 00:53:40.135834,2025-10-23 00:53:40.135834
403,NEU007,Test de Tensilón,28,Función Neurológica,Evaluación de miastenia gravis,No requiere preparación especial,Test farmacológico,1,Neurología,t,,2025-10-23 00:53:40.135834,2025-10-23 00:53:40.135834
404,NEU008,Punción Lumbar,28,Función Neurológica,Obtención de líquido cefalorraquídeo,No requiere preparación especial,Punción lumbar,1,Neurología,t,,2025-10-23 00:53:40.135834,2025-10-23 00:53:40.135834
405,NEU009,Biopsia de Músculo,28,Función Neurológica,Evaluación de enfermedades musculares,No requiere preparación especial,Biopsia quirúrgica,2,Neurología,t,,2025-10-23 00:53:40.135834,2025-10-23 00:53:40.135834
406,NEU010,Biopsia de Nervio,28,Función Neurológica,Evaluación de neuropatías,No requiere preparación especial,Biopsia quirúrgica,2,Neurología,t,,2025-10-23 00:53:40.135834,2025-10-23 00:53:40.135834
412,PED001,Hemograma Pediátrico,1,Hematología,Análisis de sangre completo para niños,No requiere preparación especial,Citometría de flujo,2,Pediatría,t,,2025-10-23 01:05:12.904066,2025-10-23 01:05:12.904066
413,PED002,Biometría Hemática Pediátrica,1,Hematología,Conteo de células sanguíneas en niños,No requiere preparación especial,Citometría automatizada,1,Pediatría,t,,2025-10-23 01:05:12.904066,2025-10-23 01:05:12.904066
414,PED003,Glucosa en Ayunas Pediátrica,1,Metabolismo,Medición de glucosa en niños,Ayuno de 8 horas,Método enzimático,1,Pediatría,t,,2025-10-23 01:05:12.904066,2025-10-23 01:05:12.904066
415,PED004,Perfil Lipídico Pediátrico,1,Metabolismo,Evaluación de lípidos en niños,Ayuno de 12 horas,Método enzimático,2,Pediatría,t,,2025-10-23 01:05:12.904066,2025-10-23 01:05:12.904066
416,PED005,Función Tiroidea Pediátrica,1,Función Tiroidea,Evaluación tiroidea en niños,No requiere preparación especial,Inmunoensayo,2,Pediatría,t,,2025-10-23 01:05:12.904066,2025-10-23 01:05:12.904066
417,PED006,Vitamina D Pediátrica,1,Vitaminas,Evaluación de vitamina D en niños,No requiere preparación especial,Inmunoensayo,2,Pediatría,t,,2025-10-23 01:05:12.904066,2025-10-23 01:05:12.904066
418,PED007,Hierro Pediátrico,1,Hematología,Evaluación de hierro en niños,Ayuno de 8 horas,Método colorimétrico,1,Pediatría,t,,2025-10-23 01:05:12.904066,2025-10-23 01:05:12.904066
419,PED008,Ferritina Pediátrica,1,Hematología,Evaluación de ferritina en niños,No requiere preparación especial,Inmunoensayo,1,Pediatría,t,,2025-10-23 01:05:12.904066,2025-10-23 01:05:12.904066
420,PED009,Creatinina Pediátrica,1,Función Renal,Evaluación renal en niños,No requiere preparación especial,Método enzimático,1,Pediatría,t,,2025-10-23 01:05:12.904066,2025-10-23 01:05:12.904066
421,PED010,Urea Pediátrica,1,Función Renal,Evaluación renal en niños,No requiere preparación especial,Método enzimático,1,Pediatría,t,,2025-10-23 01:05:12.904066,2025-10-23 01:05:12.904066
422,PED011,Ultrasonido Abdominal Pediátrico,2,Ultrasonido,Evaluación abdominal en niños,Ayuno de 6 horas,Ultrasonido Doppler,1,Pediatría,t,,2025-10-23 01:05:12.904066,2025-10-23 01:05:12.904066
423,PED012,Ultrasonido Cerebral Pediátrico,2,Ultrasonido,Evaluación cerebral en niños,No requiere preparación especial,Ultrasonido transcraneal,1,Pediatría,t,,2025-10-23 01:05:12.904066,2025-10-23 01:05:12.904066
424,PED013,Radiografía de Tórax Pediátrica,2,Radiografía,Evaluación pulmonar en niños,No requiere preparación especial,Radiografía digital,1,Pediatría,t,,2025-10-23 01:05:12.904066,2025-10-23 01:05:12.904066
425,PED014,Radiografía de Cadera Pediátrica,2,Radiografía,Evaluación de cadera en niños,No requiere preparación especial,Radiografía digital,1,Pediatría,t,,2025-10-23 01:05:12.904066,2025-10-23 01:05:12.904066
426,PED015,Tomografía de Cráneo Pediátrica,2,Tomografía,Evaluación cerebral en niños,No requiere preparación especial,Tomografía helicoidal,2,Pediatría,t,,2025-10-23 01:05:12.904066,2025-10-23 01:05:12.904066
427,PED016,Resonancia Magnética Cerebral Pediátrica,2,Resonancia Magnética,Evaluación cerebral detallada en niños,No requiere preparación especial,Resonancia magnética 1.5T,3,Pediatría,t,,2025-10-23 01:05:12.904066,2025-10-23 01:05:12.904066
428,PED017,Electrocardiograma Pediátrico,3,Función Cardíaca,Evaluación cardíaca en niños,No requiere preparación especial,Electrocardiografía,1,Pediatría,t,,2025-10-23 01:05:12.904066,2025-10-23 01:05:12.904066
429,PED018,Ecocardiograma Pediátrico,3,Función Cardíaca,Evaluación cardíaca en niños,No requiere preparación especial,Ecocardiografía Doppler,1,Pediatría,t,,2025-10-23 01:05:12.904066,2025-10-23 01:05:12.904066
430,PED019,Espirometría Pediátrica,3,Función Pulmonar,Evaluación pulmonar en niños,No requiere preparación especial,Espirometría,1,Pediatría,t,,2025-10-23 01:05:12.904066,2025-10-23 01:05:12.904066
431,PED020,Test de Sudor,3,Función Pulmonar,Evaluación de fibrosis quística,No requiere preparación especial,Test de cloruro en sudor,2,Pediatría,t,,2025-10-23 01:05:12.904066,2025-10-23 01:05:12.904066
432,PED021,Cultivo de Esputo Pediátrico,19,Cultivos,Detección de infección respiratoria en niños,Lavado bucal,Cultivo en agar,48,Pediatría,t,,2025-10-23 01:05:12.904066,2025-10-23 01:05:12.904066
433,PED022,Urocultivo Pediátrico,19,Cultivos,Detección de infección urinaria en niños,Limpieza genital,Cultivo en agar,48,Pediatría,t,,2025-10-23 01:05:12.904066,2025-10-23 01:05:12.904066
434,PED023,Cultivo de Heces Pediátrico,19,Cultivos,Detección de infección gastrointestinal en niños,No requiere preparación especial,Cultivo en agar,48,Pediatría,t,,2025-10-23 01:05:12.904066,2025-10-23 01:05:12.904066
435,PED024,Test Rápido de Estreptococo Pediátrico,19,Pruebas Rápidas,Detección rápida de estreptococo en niños,No requiere preparación especial,Inmunoensayo,1,Pediatría,t,,2025-10-23 01:05:12.904066,2025-10-23 01:05:12.904066
436,PED025,Inmunoglobulinas Pediátricas,20,Inmunoglobulinas,Evaluación inmunológica en niños,No requiere preparación especial,Inmunoensayo,2,Pediatría,t,,2025-10-23 01:05:12.904066,2025-10-23 01:05:12.904066
437,GYN001,Citología Cervical,1,Citología,Detección de cáncer cervical,No requiere preparación especial,Citología líquida,2,Ginecología,t,,2025-10-23 01:05:12.904066,2025-10-23 01:05:12.904066
438,GYN002,Prueba de VPH,1,Virología,Detección de virus del papiloma humano,No requiere preparación especial,PCR,2,Ginecología,t,,2025-10-23 01:05:12.904066,2025-10-23 01:05:12.904066
439,GYN003,Cultivo Vaginal,19,Cultivos,Detección de infección vaginal,No requiere preparación especial,Cultivo en agar,48,Ginecología,t,,2025-10-23 01:05:12.904066,2025-10-23 01:05:12.904066
440,GYN004,Cultivo de Orina Ginecológico,19,Cultivos,Detección de infección urinaria,Limpieza genital,Cultivo en agar,48,Ginecología,t,,2025-10-23 01:05:12.904066,2025-10-23 01:05:12.904066
441,GYN005,Test de Embarazo,1,Hormonas,Detección de embarazo,No requiere preparación especial,Inmunoensayo,1,Ginecología,t,,2025-10-23 01:05:12.904066,2025-10-23 01:05:12.904066
442,GYN006,Beta HCG Cuantitativa,1,Hormonas,Evaluación de embarazo,No requiere preparación especial,Inmunoensayo,2,Ginecología,t,,2025-10-23 01:05:12.904066,2025-10-23 01:05:12.904066
443,GYN007,Progesterona,1,Hormonas,Evaluación de función ovárica,No requiere preparación especial,Inmunoensayo,2,Ginecología,t,,2025-10-23 01:05:12.904066,2025-10-23 01:05:12.904066
444,GYN008,Estradiol,1,Hormonas,Evaluación de función ovárica,No requiere preparación especial,Inmunoensayo,2,Ginecología,t,,2025-10-23 01:05:12.904066,2025-10-23 01:05:12.904066
445,GYN009,FSH,1,Hormonas,Evaluación de función ovárica,No requiere preparación especial,Inmunoensayo,2,Ginecología,t,,2025-10-23 01:05:12.904066,2025-10-23 01:05:12.904066
446,GYN010,LH,1,Hormonas,Evaluación de función ovárica,No requiere preparación especial,Inmunoensayo,2,Ginecología,t,,2025-10-23 01:05:12.904066,2025-10-23 01:05:12.904066
447,GYN011,Ultrasonido Pélvico,2,Ultrasonido,Evaluación de órganos pélvicos,Vejiga llena,Ultrasonido transabdominal,1,Ginecología,t,,2025-10-23 01:05:12.904066,2025-10-23 01:05:12.904066
448,GYN012,Ultrasonido Transvaginal,2,Ultrasonido,Evaluación ginecológica detallada,Vejiga vacía,Ultrasonido transvaginal,1,Ginecología,t,,2025-10-23 01:05:12.904066,2025-10-23 01:05:12.904066
449,GYN013,Ultrasonido Obstétrico,2,Ultrasonido,Evaluación del embarazo,No requiere preparación especial,Ultrasonido obstétrico,1,Ginecología,t,,2025-10-23 01:05:12.904066,2025-10-23 01:05:12.904066
450,GYN014,Mamografía,2,Mamografía,Detección de cáncer de mama,No requiere preparación especial,Mamografía digital,1,Ginecología,t,,2025-10-23 01:05:12.904066,2025-10-23 01:05:12.904066
451,GYN015,Ultrasonido de Mama,2,Ultrasonido,Evaluación complementaria de mama,No requiere preparación especial,Ultrasonido de alta resolución,1,Ginecología,t,,2025-10-23 01:05:12.904066,2025-10-23 01:05:12.904066
452,GYN016,Densitometría Ósea,2,Densitometría,Evaluación de densidad ósea,No requiere preparación especial,Absorciometría de rayos X,1,Ginecología,t,,2025-10-23 01:05:12.904066,2025-10-23 01:05:12.904066
453,GYN017,Colposcopía,3,Endoscopía,Evaluación del cuello uterino,No requiere preparación especial,Colposcopía,1,Ginecología,t,,2025-10-23 01:05:12.904066,2025-10-23 01:05:12.904066
454,GYN018,Histeroscopía,3,Endoscopía,Evaluación del útero,No requiere preparación especial,Histeroscopía,2,Ginecología,t,,2025-10-23 01:05:12.904066,2025-10-23 01:05:12.904066
455,GYN019,Laparoscopía,3,Endoscopía,Evaluación de la cavidad pélvica,Ayuno de 8 horas,Laparoscopía,3,Ginecología,t,,2025-10-23 01:05:12.904066,2025-10-23 01:05:12.904066
456,GYN020,Biopsia de Endometrio,3,Biopsia,Evaluación del endometrio,No requiere preparación especial,Biopsia endometrial,1,Ginecología,t,,2025-10-23 01:05:12.904066,2025-10-23 01:05:12.904066
457,GYN021,Biopsia de Mama,3,Biopsia,Evaluación de lesiones mamarias,No requiere preparación especial,Biopsia con aguja,1,Ginecología,t,,2025-10-23 01:05:12.904066,2025-10-23 01:05:12.904066
458,GYN022,Papanicolaou,1,Citología,Detección de cáncer cervical,No requiere preparación especial,Citología convencional,2,Ginecología,t,,2025-10-23 01:05:12.904066,2025-10-23 01:05:12.904066
459,GYN023,Test de Tolerancia a la Glucosa en Embarazo,3,Función Endocrina,Detección de diabetes gestacional,Ayuno de 8 horas,Test de tolerancia,3,Ginecología,t,,2025-10-23 01:05:12.904066,2025-10-23 01:05:12.904066
460,GYN024,Perfil Tiroideo en Embarazo,1,Función Tiroidea,Evaluación tiroidea en embarazo,No requiere preparación especial,Inmunoensayo,2,Ginecología,t,,2025-10-23 01:05:12.904066,2025-10-23 01:05:12.904066
461,GYN025,Marcadores Tumorales Ginecológicos,1,Marcadores Tumorales,Detección de cáncer ginecológico,No requiere preparación especial,Inmunoensayo,2,Ginecología,t,,2025-10-23 01:05:12.904066,2025-10-23 01:05:12.904066
